Job Title,Studio Name,Location,Job Type,Work Mode,Description,How to Apply,Date Posted,(Featured),(Student Friendly),Salary,Engine,Visa Sponsorship,status,link_status
Associate Software Engineer,2K Sports Lab,"Burnaby, BC",Full-time,Hybrid,"Entry-level engineer role focused on building tools, improving pipelines, and working with low-level game engine systems to support developers across the team. Involves debugging, optimizing performance, and contributing to engine stability.",https://job-boards.greenhouse.io/2k/jobs/7678028003,2026-04-12,,Yes,"$60,700 – $89,860",,
Expert Gameplay AI Software Engineer,2K Sports Lab,"Burnaby, BC",Full-time,,"Designs and builds advanced AI systems for team-based sports gameplay, including decision-making, positioning, and realistic player behavior in Unreal Engine 5. Also collaborates across teams and mentors engineers while optimizing performance-critical systems.",https://job-boards.greenhouse.io/2k/jobs/7653107003,2026-04-12,,,"$114,300 – $169,140",,
Lead Software Engineer,2K Sports Lab,"Burnaby, BC",Full-time,,"Leads a team building presentation systems such as cameras, cinematics, crowds, and broadcast-style features in Unreal Engine 5. Combines hands-on engineering with leadership, collaborating across disciplines to deliver a polished player experience.",https://job-boards.greenhouse.io/2k/jobs/7647892003,2026-04-12,,,"$114,300 – $169,140",,
Principal Online Software Engineer,2K Sports Lab,"Burnaby, BC",Full-time,On-site,"This role is a high-level engineering position focused on building and leading the online multiplayer systems for a AAA sports game. You would design backend services, manage real-time multiplayer infrastructure, and work heavily with cloud systems and Unreal Engine 5.",https://job-boards.greenhouse.io/2k/jobs/7647893003,2026-04-12,,,"$139,300 – $206,140",,
Producer,2K Sports Lab,"Burnaby, BC",Full-time,Hybrid,"This Producer role at 2K Sports Lab focuses on coordinating teams and managing the game development process to ensure features are completed on time, within scope, and at high quality. You work closely with designers, engineers, and artists using tools like Jira to organize workflows, solve problems, and keep the project running smoothly.",https://job-boards.greenhouse.io/2k/jobs/7564923003,2026-04-12,,,"$71,400 – $105,660",,
Senior Environment Artist,2K Sports Lab,"Burnaby, BC",Full-time,Hybrid,"This role focuses on creating high-quality 3D environments like landscapes and buildings using tools such as Unreal Engine 5, while balancing visual quality and performance. You also collaborate with teams and mentor junior artists to ensure environments support gameplay and storytelling.",https://job-boards.greenhouse.io/2k/jobs/7564933003,2026-04-12,,,"$75,700 – $112,060",,
Senior Gameplay Designer,2K Sports Lab,"Burnaby, BC",Full-time,Hybrid,"This role focuses on designing and leading the development of core gameplay systems, especially creating realistic sports mechanics, while working closely with engineers, animators, and production teams. You guide a team, shape the gameplay vision, and ensure the player experience is polished and engaging.",https://job-boards.greenhouse.io/2k/jobs/7512739003,2026-04-12,,,"$75,700 – $135,500",,
Senior Gameplay Online Engineer,2K Sports Lab,"Burnaby, BC",Full-time,Hybrid,"This role focuses on building and optimizing real-time multiplayer systems using Unreal Engine 5 and custom servers, solving networking challenges like latency and synchronization while collaborating with cross-functional teams. You also write high-quality code and help mentor other engineers to ensure strong technical standards.",https://job-boards.greenhouse.io/2k/jobs/7651054003,2026-04-12,,,"$96,400 – $142,660",,
Senior Gameplay Software Engineer,2K Sports Lab,"Burnaby, BC",Full-time,Hybrid,"This role focuses on building and refining character movement and player control systems using Unreal Engine 5, ensuring gameplay feels responsive, realistic, and optimized for multiplayer experiences. You collaborate with designers and animators while developing networked gameplay systems and mentoring other engineers.",https://job-boards.greenhouse.io/2k/jobs/7647891003,2026-04-12,,,"$96,400 – $142,660",,
Senior Level Designer,2K Sports Lab,"Burnaby, BC",Full-time,Hybrid,"This role focuses on designing and building immersive game worlds and levels using Unreal Engine, including creating layouts, gameplay spaces, and player experiences. You lead a team and collaborate with artists and engineers to ensure the world is engaging, functional, and aligned with the game’s vision.",https://job-boards.greenhouse.io/2k/jobs/7620338003,2026-04-12,,,"$75,700 – $112,060",,
Senior Narrative Systems Engineer,2K Sports Lab,"Burnaby, BC",Full-time,Hybrid,"This role focuses on building and improving narrative and cinematic systems in Unreal Engine 5, including tools for storytelling, cameras, dialogue, and in-game cutscenes. You work with designers and animators to create smooth, high-quality story moments while optimizing performance and developing engine-level features using C++.",https://job-boards.greenhouse.io/2k/jobs/7505154003,2026-04-12,,,"$105,660 – $142,720",,
Senior Online Services Software Engineer,2K Sports Lab,"Burnaby, BC",Full-time,Hybrid,"This role focuses on building and maintaining scalable online multiplayer backend systems and client-side features in Unreal Engine 5 using languages like C++, Go, and Python. You also work with cloud infrastructure, databases, and distributed systems to ensure smooth, reliable online gameplay experiences.",https://job-boards.greenhouse.io/2k/jobs/7651053003,2026-04-12,,,"$96,400 – $142,660",,
Senior Systems Designer,2K Sports Lab,"Burnaby, BC",Full-time,Hybrid,"This role focuses on designing and shaping core gameplay systems for a sports game, acting as a “product owner” for major features and ensuring they deliver engaging, player-driven experiences in Unreal Engine 5. You collaborate with engineers, artists, and producers to define vision, refine features, and improve overall gameplay quality.",https://job-boards.greenhouse.io/2k/jobs/7611923003,2026-04-12,,,"$75,700 – $112,060",,
Technical Artist,2K Sports Lab,"Burnaby, BC",Full-time,Hybrid,"This role focuses on bridging art and engineering by building tools, shaders, and workflows in Unreal Engine 5 to improve visual quality and performance. You collaborate with artists and engineers to solve technical art problems and create efficient pipelines using tools like Python, Blueprint, and 3D software.",https://job-boards.greenhouse.io/2k/jobs/7601552003,2026-04-12,,,"$71,400 – $105,720",,
Advanced Technical Designer (Interactive Objects),Certain Affinity,"Toronto, ON",Full-time,,"You will have opportunities to script gameplay systems and environmental systems to support core gameplay, combat,  puzzles, and missions.",https://certainaffinityinc.applytojob.com/apply/buBMiHhoz0/Advanced-Technical-Designer-Interactive-Objects?source=Our%20Career%20Page%20Widget,2026-04-12,,,"$100,000 - $140,000",,
Advanced Technical Animator,Certain Affinity,"Vancouver, BC",Full-time,,"As a Advanced Technical Animator at Certain Affinity, you'll get the chance to see some of the custom 3D tools and pipelines behind the world's biggest shooters and contribute to our proprietary technology.",https://certainaffinityinc.applytojob.com/apply/eBO1rOfsmI/Advanced-Technical-Animator?source=Our%20Career%20Page%20Widget,2026-04-12,,,"$100,000 - $150,000",,
Senior Advanced AI Gameplay Designer,Certain Affinity,"Toronto, ON",Full-time,,"You will have opportunities to script gameplay and related systems, with a focus on core gameplay, enemy behaviors, interactions, combat and encounters.",https://certainaffinityinc.applytojob.com/apply/buBMiHhoz0/Advanced-Technical-Designer-Interactive-Objects?source=Our%20Career%20Page%20Widget,2026-04-12,,,"$100,000 - $140,000",,
Senior Advanced Technical Animator,Certain Affinity,"Toronto, ON",Full-time,,This role requires an energetic individual to take a hands-on approach to our pipeline management and look development for our studio art team.,https://certainaffinityinc.applytojob.com/apply/VSlgd0p5Gj/Senior-Advanced-Technical-Animator?source=Our%20Career%20Page%20Widget,2026-04-12,,,"$100,000 - $160,000",,
Senior Gameplay Animator,Certain Affinity,"Toronto, ON",Full-time,," This is a great opportunity to assist in the project's design by providing pre-visualization animations for gameplay elements and evolving and refining motion for characters, weapons, vehicles, and environmental objects.",https://certainaffinityinc.applytojob.com/apply/VJCyXArEwn/Senior-Gameplay-Animator?source=Our%20Career%20Page%20Widget,2026-04-12,,,"$80,000 - 120,000",,
Engine Programmer (March of Giants),Ubisoft Montreal,"Montreal, QC",Full-time,Hybrid,Program core engine systems for a new AAA title. 1-3 years C++ experience required.,https://jobs.smartrecruiters.com/Ubisoft2/744000120058208,"April 12, 2026",,,,,
Senior Character Rigger (March of Giants),Ubisoft Montreal,"Montreal, QC",Full-time,Hybrid,Build high-quality character rigs in Maya for AAA animation pipelines in Unreal Engine.,https://jobs.smartrecruiters.com/Ubisoft2/744000120002225,"April 12, 2026",,,,,
Technical Artist – VFX,Ubisoft Montreal,"Montreal, QC",Full-time,Hybrid,Design and maintain real-time VFX systems using Unreal Engine and Niagara for a multiplayer title.,https://jobs.smartrecruiters.com/Ubisoft2/744000119997315,"April 12, 2026",,,,,
Character Artist – For Honor,Ubisoft Montreal,"Montreal, QC",Full-time,Hybrid,"Create characters and creatures using Maya, ZBrush, and Substance for the For Honor franchise.",https://jobs.smartrecruiters.com/Ubisoft2/744000118477596,2026-04-12,,,,,
Senior Gameplay Programmer – New IP,Ubisoft Montreal,"Montreal, QC",Full-time,Hybrid,Drive gameplay systems for a large-scale multiplayer sci-fi game. 7+ years C++ and UE5 required.,https://jobs.smartrecruiters.com/Ubisoft2/744000117394187,2026-04-12,,,,,
Audio Director,Ubisoft Montreal,"Montreal, QC",Full-time,Hybrid,Define and lead the audio vision for a new game project. Strong Unreal Engine and leadership experience needed.,https://jobs.smartrecruiters.com/Ubisoft2/744000117387417,2026-04-12,,,,,
3D Programmer,Ubisoft Montreal,"Montreal, QC",Full-time,Hybrid,Develop and optimize 3D rendering systems in Unreal Engine. 5+ years C++ and DirectX experience.,https://jobs.smartrecruiters.com/Ubisoft2/744000117896007,2026-04-12,,,,,
Console Port Programmer (UE4),Blue Isle Studios,Canada,Full-time,Remote,"Porting the game Citadel from existing console code to PlayStation 5 and Xbox Series X. Responsibilities include optimizing multiplayer systems, ensuring performance and graphics parity with PC, handling console certification requirements, debugging issues, collaborating with QA/design, and developing gameplay systems using C++ and Unreal Engine 4 (Blueprints). Also involves working with Epic Online Services and console APIs.",https://www.blueislestudios.ca/post/we-re-hiring-a-console-port-ue4-programmer,2021-01-26,,,,,
UE5 Gameplay Programmer,Blue Isle Studios,"Toronto, ON",Full-time,Remote,"Developing multiplayer gameplay systems using Unreal Engine 5. The role involves collaborating closely with designers, UI, and VFX/SFX teams to build engaging gameplay experiences, implement new content, and improve workflows. Responsibilities include optimizing performance, working with client/server architecture, and extending existing codebases using C++ and Blueprints.",https://www.blueislestudios.ca/post/hiring-a-ue4-gameplay-programmer,2024-04-12,,,,,
Game Writer (Intern),Red Diamond,"Halifax, Nova Scotia",Contract,On-site,"Red Diamond is seeking interns to work as writers on an upcoming dark fantasy mobile game and tabletop RPG. In this role, you will contribute to lore, world-building, creatures, characters, and other elements within an established but expanding universe. You may also have opportunities to work on additional writing tasks, including non-fiction articles that review popular games. This position is full-time and temporary, lasting three months, and is intended for current or graduating college students.",https://www.reddiamondinteractive.com/opening-13006,2026-04-14,Yes,Yes,Minimum Wage,,
Social Media Manager,Red Diamond,"Halifax, Nova Scotia",Full-time,On-site,"Red Diamond is seeking a Social Media Manager to execute a social media strategy for its upcoming dark fantasy mobile game. In this role, you will be responsible for creating and managing engaging social media content tailored to gaming audiences. You will also assist in producing content for an affiliated print and book publishing team. This is a full-time position intended for recent graduates and early career professionals, focusing on marketing, content creation, and audience engagement.",https://www.reddiamondinteractive.com/opening-13005,2026-04-14,Yes,Yes,"$37,000 – $50,000",,
HRBP,Digital Extremes,"London, ON",Internship,Hybrid,Are you ready to immerse yourself in a world where creativity is the key to success? We are dedicated to crafting extraordinary experiences for gamers worldwide.,https://job-boards.greenhouse.io/digitalextremes/jobs/5002085007,2026-01-05,,Yes,,,
HR Generalist,Digital Extremes,"London, ON",Internship,Hybrid,We are seeking a versatile and proactive HR Generalist to join our team.,https://job-boards.greenhouse.io/digitalextremes/jobs/5061623007,2026-02-24,,Yes,,,
Lead Data Engineer,Digital Extremes,"London, ON",Full-time,Hybrid,We are seeking a highly skilled Lead Data Engineer to join our team.,https://job-boards.greenhouse.io/digitalextremes/jobs/5089564007,2026-03-26,,No,,,
Video Creator,Digital Extremes,"London, ON",Full-time,Hybrid,We’re looking for a Video Creator to create award winning videos that promote Warframe and achieve our marketing objectives. Do you have a cinematic eye for building a scene and capturing gameplay footage?,https://job-boards.greenhouse.io/digitalextremes/jobs/5041385007,2026-02-03,,No,,,
Cloud Developer,Ubisoft,"Montreal, QC",Full-time,On-site,Department: Ubisoft. Experience Level: Mid-Senior Level.,https://jobs.smartrecruiters.com/ubisoft2/744000121466297,2026-04-17,No,No,,,
Développeur·euse infonuagique,Ubisoft,"Montreal, QC",Full-time,On-site,Department: Ubisoft. Experience Level: Mid-Senior Level.,https://jobs.smartrecruiters.com/ubisoft2/744000121464098,2026-04-17,No,No,,,
Python Developer,Ubisoft,"Montreal, QC",Full-time,On-site,Department: Ubisoft. Experience Level: Mid-Senior Level.,https://jobs.smartrecruiters.com/ubisoft2/744000121462329,2026-04-17,No,No,,,
Développeur·euse Python,Ubisoft,"Montreal, QC",Full-time,On-site,Department: Ubisoft. Experience Level: Mid-Senior Level.,https://jobs.smartrecruiters.com/ubisoft2/744000121463182,2026-04-17,No,No,,,
Game Intelligence Analyst,Ubisoft,"Montreal, QC",Full-time,On-site,Department: Programming. Experience Level: Mid-Senior Level.,https://jobs.smartrecruiters.com/ubisoft2/744000121424386,2026-04-17,No,No,,,
Analyste en intelligence de jeu,Ubisoft,"Montreal, QC",Full-time,On-site,Department: Programming. Experience Level: Mid-Senior Level.,https://jobs.smartrecruiters.com/ubisoft2/744000121423133,2026-04-17,No,No,,,
Anti-Cheat Programmer  (March of Giant),Ubisoft,"Montreal, QC",Full-time,On-site,Department: Ubisoft. Experience Level: Not Applicable.,https://jobs.smartrecruiters.com/ubisoft2/744000121217037,2026-04-16,No,No,,,
Programmeur·euse Anti-triche (March of Giant),Ubisoft,"Montreal, QC",Full-time,On-site,Department: Ubisoft. Experience Level: Not Applicable.,https://jobs.smartrecruiters.com/ubisoft2/744000121215488,2026-04-16,No,No,,,
Programmeur·euse Online - (March of Giants),Ubisoft,"Montreal, QC",Full-time,On-site,Department: Ubisoft. Experience Level: Mid-Senior Level.,https://jobs.smartrecruiters.com/ubisoft2/744000121212788,2026-04-16,No,No,,,
Team Lead - Animation [March of Giants],Ubisoft,"Montreal, QC",Full-time,On-site,Department: Ubisoft. Experience Level: Mid-Senior Level.,https://jobs.smartrecruiters.com/ubisoft2/744000121049547,2026-04-15,No,No,,,
Chef.fe d'équipe - animation [March of Giants],Ubisoft,"Montreal, QC",Full-time,On-site,Department: Ubisoft. Experience Level: Mid-Senior Level.,https://jobs.smartrecruiters.com/ubisoft2/744000121048374,2026-04-15,No,No,,,
AI Programmer,Ubisoft,"Montreal, QC",Full-time,On-site,Department: Ubisoft. Experience Level: Mid-Senior Level.,https://jobs.smartrecruiters.com/ubisoft2/744000120946067,2026-04-15,No,No,,,
Programmeur·euse en intelligence artificielle,Ubisoft,"Montreal, QC",Full-time,On-site,Department: Ubisoft. Experience Level: Mid-Senior Level.,https://jobs.smartrecruiters.com/ubisoft2/744000120945698,2026-04-15,No,No,,,
AI Programming Team Lead,Ubisoft,"Toronto, ON",Full-time,On-site,Department: Ubisoft. Experience Level: Not Applicable.,https://jobs.smartrecruiters.com/ubisoft2/744000120780968,2026-04-14,No,No,,,
Tool Programmer,Ubisoft,"Montreal, QC",Full-time,On-site,Department: Ubisoft. Experience Level: Mid-Senior Level.,https://jobs.smartrecruiters.com/ubisoft2/744000120510129,2026-04-13,No,No,,,
Programmeur·euse d’outils,Ubisoft,"Montreal, QC",Full-time,On-site,Department: Ubisoft. Experience Level: Mid-Senior Level.,https://jobs.smartrecruiters.com/ubisoft2/744000120512156,2026-04-13,No,No,,,
Senior Character Rigger - [March of Giants],Ubisoft,"Montreal, QC",Full-time,On-site,Department: Animation. Experience Level: Mid-Senior Level.,https://jobs.smartrecruiters.com/ubisoft2/744000120002225,2026-04-10,No,No,,,
Technical Artist [VFX],Ubisoft,"Montreal, QC",Full-time,On-site,Department: Ubisoft. Experience Level: Mid-Senior Level.,https://jobs.smartrecruiters.com/ubisoft2/744000119997315,2026-04-10,No,No,,,
Scriptwriter [Assassin’s Creed],Ubisoft,"Quebec City, QC",Full-time,On-site,Department: Ubisoft. Experience Level: Mid-Senior Level.,https://jobs.smartrecruiters.com/ubisoft2/744000119674857,2026-04-09,No,No,,,
Scénariste [Assassin’s Creed],Ubisoft,"Quebec City, QC",Full-time,On-site,Department: Ubisoft. Experience Level: Mid-Senior Level.,https://jobs.smartrecruiters.com/ubisoft2/744000119674447,2026-04-09,No,No,,,
Artiste 2D-3D [Helix],Ubisoft,"Montreal, QC",Full-time,On-site,Department: Ubisoft. Experience Level: Mid-Senior Level.,https://jobs.smartrecruiters.com/ubisoft2/744000119471597,2026-04-08,No,No,,,
2D-3D Artist [Heix],Ubisoft,"Montreal, QC",Full-time,On-site,Department: Ubisoft. Experience Level: Mid-Senior Level.,https://jobs.smartrecruiters.com/ubisoft2/744000119471227,2026-04-08,No,No,,,
[Disney Dreamlight Valley] Producteur(trice) - Producer,Gameloft,"Montreal, QC",Full-time,On-site,Department: PRODUCING. Experience Level: Mid-Senior Level.,https://jobs.smartrecruiters.com/gameloft/744000121008838,2026-04-15,No,No,,,
[Dungeons & Dragons PC-Console] Responsable des effets visuels - Lead VFX ,Gameloft,"Montreal, QC",Full-time,On-site,Department: ART & VIDEO. Experience Level: Mid-Senior Level.,https://jobs.smartrecruiters.com/gameloft/744000120971937,2026-04-15,No,No,,,
[Dungeons & Dragons PC-Console] Programmeur(euse) Outils - Tools Programmer,Gameloft,"Montreal, QC",Full-time,On-site,Department: GAME PROGRAMMING. Experience Level: Mid-Senior Level.,https://jobs.smartrecruiters.com/gameloft/744000119349702,2026-04-08,No,No,,,
[Nouvelle IP/New IP - PC/Console] Programmeur(-euse) jouabilité sénior - Senior Gameplay Programmer,Gameloft,"Montreal, QC",Full-time,On-site,Department: GAME PROGRAMMING. Experience Level: Mid-Senior Level.,https://jobs.smartrecruiters.com/gameloft/744000117668455,2026-03-30,No,No,,,
[Nouvelle IP/New IP - PC/Console] Programmeur(-euse) jouabilité - Gameplay Programmer,Gameloft,"Montreal, QC",Full-time,On-site,Department: GAME PROGRAMMING. Experience Level: Mid-Senior Level.,https://jobs.smartrecruiters.com/gameloft/744000117670256,2026-03-30,No,No,,,
Candidature Spontanée - Spontaneous Application,Gameloft,"Montreal, QC",Full-time,On-site,Department: PROJECT MANAGER. Experience Level: Entry Level.,https://jobs.smartrecruiters.com/gameloft/744000116612089,2026-03-25,No,No,,,
[Dungeons & Dragons PC-Console]  Programmeur(euse) jouabilité IA sénior - Senior Gameplay AI Programmer,Gameloft,"Montreal, QC",Full-time,On-site,Department: GAME PROGRAMMING. Experience Level: Mid-Senior Level.,https://jobs.smartrecruiters.com/gameloft/744000116390722,2026-03-24,No,No,,,
[Disney Dreamlight Valley] Concepteur(trice) narratif(ve) - Narrative Designer,Gameloft,"Montreal, QC",Full-time,On-site,Department: DESIGN. Experience Level: Mid-Senior Level.,https://jobs.smartrecruiters.com/gameloft/744000115899707,2026-03-20,No,No,,,
[Disney Dreamlight Valley] Concepteur(trice) de jeux senior - Senior Game Designer,Gameloft,"Montreal, QC",Full-time,On-site,Department: DESIGN. Experience Level: Mid-Senior Level.,https://jobs.smartrecruiters.com/gameloft/744000115889868,2026-03-20,No,No,,,
[Dungeons & Dragons PC-Console] Artiste de concept - Concept Artist ,Gameloft,"Montreal, QC",Full-time,On-site,Department: ART & VIDEO. Experience Level: Mid-Senior Level.,https://jobs.smartrecruiters.com/gameloft/744000115751358,2026-03-19,No,No,,,
[Dungeons & Dragons PC-Console] Artiste d'éclairage de niveaux - Lighter level artist,Gameloft,"Montreal, QC",Full-time,On-site,Department: ART & VIDEO. Experience Level: Mid-Senior Level.,https://jobs.smartrecruiters.com/gameloft/744000115751281,2026-03-19,No,No,,,
[Disney Dreamlight Valley] Animateur(trice) technique senior - Senior Technical Animator,Gameloft,"Montreal, QC",Full-time,On-site,Department: ART & VIDEO. Experience Level: Mid-Senior Level.,https://jobs.smartrecruiters.com/gameloft/744000115751237,2026-03-19,No,No,,,
[Nouvelle IP/New IP - PC/Console] Concepteur(trice) de Niveaux - Level Designer,Gameloft,"Montreal, QC",Full-time,On-site,Department: DESIGN. Experience Level: Mid-Senior Level.,https://jobs.smartrecruiters.com/gameloft/744000115633527,2026-03-19,No,No,,,
[Dungeons & Dragons PC Console] Concepteur(trice) de jeu technique - Technical Game Designer,Gameloft,"Montreal, QC",Full-time,On-site,Department: DESIGN. Experience Level: Mid-Senior Level.,https://jobs.smartrecruiters.com/gameloft/744000114076107,2026-03-11,No,No,,,
Scientifique de données - Data Scientist,Gameloft,"Montreal, QC",Full-time,On-site,Department: DATA SCIENCE. Experience Level: Mid-Senior Level.,https://jobs.smartrecruiters.com/gameloft/744000111895096,2026-02-27,No,No,,,
Concept Outsource Lead,Epic Games,"Montreal, QC",Internship,On-site,"WHAT MAKES US EPIC? At the core of Epic’s success are talented, passionate people.",https://epicgames.com/careers/jobs/5727993004?gh_jid=5727993004,2025-12-08,No,Yes,,,
Data Science Lead,Epic Games,"Montreal, QC",Full-time,On-site,"WHAT MAKES US EPIC? At the core of Epic’s success are talented, passionate people.",https://epicgames.com/careers/jobs/5892152004?gh_jid=5892152004,2026-04-10,No,No,"$181,477",,
Data Science Lead,Epic Games,"Montreal, QC",Full-time,On-site,"WHAT MAKES US EPIC? At the core of Epic’s success are talented, passionate people.",https://epicgames.com/careers/jobs/5921260004?gh_jid=5921260004,2026-04-10,No,No,,,
"Design Director, Battle Pass",Epic Games,"Montreal, QC",Full-time,On-site,"WHAT MAKES US EPIC? At the core of Epic’s success are talented, passionate people.",https://epicgames.com/careers/jobs/5820698004?gh_jid=5820698004,2026-03-09,No,No,,,
"Design Director, Battle Pass",Epic Games,"Vancouver, BC",Full-time,On-site,"WHAT MAKES US EPIC? At the core of Epic’s success are talented, passionate people.",https://epicgames.com/careers/jobs/5820696004?gh_jid=5820696004,2026-03-06,No,No,"$197,654",,
"Design Director, Battle Pass",Epic Games,"Montreal, QC",Full-time,On-site,"WHAT MAKES US EPIC? At the core of Epic’s success are talented, passionate people.",https://epicgames.com/careers/jobs/5820694004?gh_jid=5820694004,2026-03-06,No,No,"$205,434",,
Engine Programmer - Core Tech,Epic Games,"Montreal, QC",Full-time,On-site,"WHAT MAKES US EPIC? At the core of Epic’s success are talented, passionate people.",https://epicgames.com/careers/jobs/5781558004?gh_jid=5781558004,2026-01-26,No,No,,,
Engine Programmer - Core Tech,Epic Games,"Vancouver, BC",Full-time,On-site,"WHAT MAKES US EPIC? At the core of Epic’s success are talented, passionate people.",https://epicgames.com/careers/jobs/5708002004?gh_jid=5708002004,2026-01-26,No,No,"$128,848",,
Engine Programmer - Core Tech ,Epic Games,"Montreal, QC",Full-time,On-site,"WHAT MAKES US EPIC? At the core of Epic’s success are talented, passionate people.",https://epicgames.com/careers/jobs/5781616004?gh_jid=5781616004,2026-01-26,No,No,,,
Gameplay Design Intern,Epic Games,"Montreal, QC",Internship,Hybrid,"WHAT MAKES US EPIC? At the core of Epic’s success are talented, passionate people.",https://epicgames.com/careers/jobs/5665469004?gh_jid=5665469004,2025-10-16,No,Yes,,,
Lead Animator,Epic Games,"Montreal, QC",Full-time,On-site,"WHAT MAKES US EPIC? At the core of Epic’s success are talented, passionate people.",https://epicgames.com/careers/jobs/5787586004?gh_jid=5787586004,2026-01-30,No,No,,,
Lead Artist,Epic Games,"Montreal, QC",Internship,On-site,"WHAT MAKES US EPIC? At the core of Epic’s success are talented, passionate people.",https://epicgames.com/careers/jobs/5968732004?gh_jid=5968732004,2026-04-15,No,Yes,,,
"Machine Learning Engineer, Discovery Recommendations",Epic Games,"Montreal, QC",Full-time,On-site,"WHAT MAKES US EPIC? At the core of Epic’s success are talented, passionate people.",https://epicgames.com/careers/jobs/5973992004?gh_jid=5973992004,2026-04-17,No,No,"$184,481",,
Partnerships Director - Sports & Talent ,Epic Games,"Montreal, QC",Internship,On-site,"WHAT MAKES US EPIC? At the core of Epic’s success are talented, passionate people.",https://epicgames.com/careers/jobs/5705135004?gh_jid=5705135004,2025-11-11,No,Yes,"$211,043",,
"Principal Game Designer, Engagement",Epic Games,"Montreal, QC",Full-time,On-site,"WHAT MAKES US EPIC? At the core of Epic’s success are talented, passionate people.",https://epicgames.com/careers/jobs/5687406004?gh_jid=5687406004,2025-10-22,No,No,,,
"Principal Game Designer, Engagement",Epic Games,"Vancouver, BC",Full-time,On-site,"WHAT MAKES US EPIC? At the core of Epic’s success are talented, passionate people.",https://epicgames.com/careers/jobs/5678441004?gh_jid=5678441004,2025-10-15,No,No,"$179,686",,
"Principal Game Designer, Engagement",Epic Games,"Montreal, QC",Full-time,On-site,"WHAT MAKES US EPIC? At the core of Epic’s success are talented, passionate people.",https://epicgames.com/careers/jobs/5657932004?gh_jid=5657932004,2025-10-15,No,No,"$205,434",,
Product Management Director (Platform),Epic Games,"Montreal, QC",Full-time,On-site,"WHAT MAKES US EPIC? At the core of Epic’s success are talented, passionate people.",https://epicgames.com/careers/jobs/5674511004?gh_jid=5674511004,2025-10-09,No,No,"$251,441",,
"Quality Operations Director, Trust, Safety & Support",Epic Games,"Montreal, QC",Full-time,On-site,"WHAT MAKES US EPIC? At the core of Epic’s success are talented, passionate people.",https://epicgames.com/careers/jobs/5821172004?gh_jid=5821172004,2026-03-13,No,No,"$131,307",,
"Senior AI Programmer, Special Projects",Epic Games,"Vancouver, BC",Full-time,On-site,"WHAT MAKES US EPIC? At the core of Epic’s success are talented, passionate people.",https://epicgames.com/careers/jobs/5704006004?gh_jid=5704006004,2025-11-10,No,No,"$182,815",,
"Senior AI Programmer, Special Projects",Epic Games,"Montreal, QC",Full-time,On-site,"WHAT MAKES US EPIC? At the core of Epic’s success are talented, passionate people.",https://epicgames.com/careers/jobs/5703984004?gh_jid=5703984004,2025-11-10,No,No,"$190,010",,
"Senior AI Programmer, Special Projects",Epic Games,"Montreal, QC",Full-time,On-site,"WHAT MAKES US EPIC? At the core of Epic’s success are talented, passionate people.",https://epicgames.com/careers/jobs/5704013004?gh_jid=5704013004,2025-11-10,No,No,,,
Senior Counsel (Privacy),Epic Games,"Montreal, QC",Internship,On-site,"WHAT MAKES US EPIC? At the core of Epic’s success are talented, passionate people.",https://epicgames.com/careers/jobs/5850423004?gh_jid=5850423004,2026-04-06,No,Yes,"$199,625",,
"Senior Counsel, Regulatory",Epic Games,"Montreal, QC",Full-time,On-site,"WHAT MAKES US EPIC? At the core of Epic’s success are talented, passionate people.",https://epicgames.com/careers/jobs/5806753004?gh_jid=5806753004,2026-02-17,No,No,"$234,492",,
"Senior Counsel, Regulatory",Epic Games,"Montreal, QC",Full-time,On-site,"WHAT MAKES US EPIC? At the core of Epic’s success are talented, passionate people.",https://epicgames.com/careers/jobs/5806755004?gh_jid=5806755004,2026-02-18,No,No,,,
"Senior Data Scientist, Trust and Safety",Epic Games,"Montreal, QC",Full-time,On-site,"WHAT MAKES US EPIC? At the core of Epic’s success are talented, passionate people.",https://epicgames.com/careers/jobs/5769772004?gh_jid=5769772004,2026-01-16,No,No,,,
"Senior Data Scientist, Trust and Safety",Epic Games,"Montreal, QC",Full-time,On-site,"WHAT MAKES US EPIC? At the core of Epic’s success are talented, passionate people.",https://epicgames.com/careers/jobs/5839610004?gh_jid=5839610004,2026-03-27,No,No,,,
Senior Gameplay AI Programmer,Epic Games,"Montreal, QC",Internship,On-site,"WHAT MAKES US EPIC? At the core of Epic’s success are talented, passionate people.",https://epicgames.com/careers/jobs/5736337004?gh_jid=5736337004,2026-01-30,No,Yes,,,
Senior Language Programmer,Epic Games,"Montreal, QC",Full-time,On-site,"WHAT MAKES US EPIC? At the core of Epic’s success are talented, passionate people.",https://epicgames.com/careers/jobs/5723901004?gh_jid=5723901004,2025-11-27,No,No,"$201,282",,
"Senior Software Engineer, Developer Relations - Easy Anti-Cheat",Epic Games,"Montreal, QC",Internship,On-site,"WHAT MAKES US EPIC? At the core of Epic’s success are talented, passionate people.",https://epicgames.com/careers/jobs/5764691004?gh_jid=5764691004,2026-01-14,No,Yes,"$207,107",,
Senior Systems Designer,Epic Games,"Montreal, QC",Full-time,On-site,"WHAT MAKES US EPIC? At the core of Epic’s success are talented, passionate people.",https://epicgames.com/careers/jobs/5736320004?gh_jid=5736320004,2026-02-17,No,No,,,
Senior Systems Designer,Epic Games,"Montreal, QC",Full-time,On-site,"WHAT MAKES US EPIC? At the core of Epic’s success are talented, passionate people.",https://epicgames.com/careers/jobs/5691873004?gh_jid=5691873004,2025-11-03,No,No,,,
Senior Systems Designer,Epic Games,"Vancouver, BC",Full-time,On-site,"WHAT MAKES US EPIC? At the core of Epic’s success are talented, passionate people.",https://epicgames.com/careers/jobs/5806447004?gh_jid=5806447004,2026-02-17,No,No,"$139,061",,
Senior Systems Designer,Epic Games,"Vancouver, BC",Full-time,On-site,"WHAT MAKES US EPIC? At the core of Epic’s success are talented, passionate people.",https://epicgames.com/careers/jobs/5696293004?gh_jid=5696293004,2025-11-03,No,No,"$152,967",,
Senior Systems Designer,Epic Games,"Montreal, QC",Full-time,On-site,"WHAT MAKES US EPIC? At the core of Epic’s success are talented, passionate people.",https://epicgames.com/careers/jobs/5696290004?gh_jid=5696290004,2025-11-03,No,No,"$158,988",,
Senior Technical Animator,Epic Games,"Montreal, QC",Internship,On-site,"WHAT MAKES US EPIC? At the core of Epic’s success are talented, passionate people.",https://epicgames.com/careers/jobs/5699957004?gh_jid=5699957004,2025-11-05,No,Yes,,,
Senior Technical Designer in Animation,Epic Games,"Vancouver, BC",Internship,On-site,"WHAT MAKES US EPIC? At the core of Epic’s success are talented, passionate people.",https://epicgames.com/careers/jobs/5814005004?gh_jid=5814005004,2026-02-26,No,Yes,"$145,844",,
Senior Technical Designer in Animation,Epic Games,"Montreal, QC",Internship,On-site,"WHAT MAKES US EPIC? At the core of Epic’s success are talented, passionate people.",https://epicgames.com/careers/jobs/5814003004?gh_jid=5814003004,2026-02-26,No,Yes,,,
Senior Technical Designer in Animation,Epic Games,"Montreal, QC",Internship,On-site,"WHAT MAKES US EPIC? At the core of Epic’s success are talented, passionate people.",https://epicgames.com/careers/jobs/5814007004?gh_jid=5814007004,2026-02-26,No,Yes,,,
Senior UI Programmer,Epic Games,"Montreal, QC",Internship,On-site,"WHAT MAKES US EPIC? At the core of Epic’s success are talented, passionate people.",https://epicgames.com/careers/jobs/5837450004?gh_jid=5837450004,2026-03-25,No,Yes,,,
Solutions Architect (Animation),Epic Games,"Montreal, QC",Internship,On-site,"WHAT MAKES US EPIC? At the core of Epic’s success are talented, passionate people.",https://epicgames.com/careers/jobs/5829633004?gh_jid=5829633004,2026-03-17,No,Yes,,,
3D Artist (4-month contract),Blackbird Interactive,"Vancouver, BC",Temporary Full-Time,Hybrid,"Blackbird Interactive is a creative-fueled, future-driven, independent game studio where the best talent in the industry can find long-term careers to help grow their abilities while working on a wide range of projects, which encompass world-class IPs as well as our own creati...",https://jobs.lever.co/blackbirdinteractive/561d6917-498d-4c80-a0a6-bc62f7558b5b,2026-04-08,No,No,,,No
Art Director,Blackbird Interactive,"Vancouver, BC",Regular Full-Time,Hybrid,"Blackbird Interactive is a creative-fueled, future-driven, independent game studio where the best talent in the industry can find long-term careers to help grow their abilities while working on a wide range of projects, which encompass world-class IPs as well as our own creati...",https://jobs.lever.co/blackbirdinteractive/cee59fdf-e9e7-4251-aea2-8f5702fa544d,2026-04-17,No,No,,,No
Character Artist (8-month contract),Blackbird Interactive,"Vancouver, BC",Temporary Full-Time,Hybrid,"Blackbird Interactive is a creative-fueled, future-driven, independent game studio where the best talent in the industry can find long-term careers to help grow their abilities while working on a wide range of projects, which encompass world-class IPs as well as our own creati...",https://jobs.lever.co/blackbirdinteractive/7eb62bc1-40ae-4f9b-83a3-2e5bb70ea188,2026-04-14,No,No,,,No
Environment and Prop Artist (8-month Contract),Blackbird Interactive,"Vancouver, BC",Temporary Full-Time,Hybrid,"Blackbird Interactive is a creative-fueled, future-driven, independent game studio where the best talent in the industry can find long-term careers to help grow their abilities while working on a wide range of projects, which encompass world-class IPs as well as our own creati...",https://jobs.lever.co/blackbirdinteractive/e93eed62-d44b-4664-9771-2fb4cf2c29c5,2026-02-13,No,No,,,No
Game Director,Blackbird Interactive,"Vancouver, BC",Regular Full-Time,Hybrid,"Blackbird Interactive is a creative-fueled, future-driven, independent game studio where the best talent in the industry can find long-term careers to help grow their abilities while working on a wide range of projects, which encompass world-class IPs as well as our own creati...",https://jobs.lever.co/blackbirdinteractive/0b2b80ba-8e4d-4fe9-83e0-c4beb9cf2d0d,2026-04-08,No,No,,,No
General Application,Blackbird Interactive,"Vancouver, BC",Full-time,Hybrid,"Blackbird Interactive is a creative-fueled, future-driven, independent game studio where the best talent in the industry can find long-term careers to help grow their abilities while working on a wide range of projects, which encompass world-class IPs as well as our own creati...",https://jobs.lever.co/blackbirdinteractive/498bb3c2-b23f-4aed-8fdd-ee80649e381d,2017-11-02,No,No,,Unity,No
Intermediate Gameplay Software Engineer (Proprietary Engine),Blackbird Interactive,"Vancouver, BC",Regular Full-Time,Hybrid,"Blackbird Interactive is a creative-fueled, future-driven, independent game studio where the best talent in the industry can find long-term careers to help grow their abilities while working on a wide range of projects, which encompass world-class IPs as well as our own creati...",https://jobs.lever.co/blackbirdinteractive/5386b679-21f7-4a60-8594-e359b3336dfd,2026-03-04,No,No,,,No
Lead Environment Artist,Blackbird Interactive,"Vancouver, BC",Regular Full-Time,Hybrid,"Blackbird Interactive is a creative-fueled, future-driven, independent game studio where the best talent in the industry can find long-term careers to help grow their abilities while working on a wide range of projects, which encompass world-class IPs as well as our own creati...",https://jobs.lever.co/blackbirdinteractive/6b0d915e-db5c-4618-ab7b-0aba6a8841a9,2026-02-13,No,No,,,No
Lead Producer,Blackbird Interactive,"Vancouver, BC",Regular Full-Time,Hybrid,"Blackbird Interactive is a creative-fueled, future-driven, independent game studio where the best talent in the industry can find long-term careers to help grow their abilities while working on a wide range of projects, which encompass world-class IPs as well as our own creati...",https://jobs.lever.co/blackbirdinteractive/3dd02003-46c9-410c-a3ac-562b68ffc34a,2026-02-06,No,Yes,,,No
Lead Producer - Tactical Shooter (Unreal 5),Blackbird Interactive,"Vancouver, BC",Regular Full-Time,Hybrid,"Blackbird Interactive is a creative-fueled, future-driven, independent game studio where the best talent in the industry can find long-term careers to help grow their abilities while working on a wide range of projects, which encompass world-class IPs as well as our own creati...",https://jobs.lever.co/blackbirdinteractive/ff128c08-ae10-40f4-81e0-75e4f80e1b03,2026-04-16,No,No,,Unreal,No
"Lead Software Engineer, Tactical Shooter (Unreal Engine 5)",Blackbird Interactive,"Vancouver, BC",Regular Full-Time,On-site,"Blackbird Interactive is a creative-fueled, future-driven, independent game studio where the best talent in the industry can find long-term careers to help grow their abilities while working on a wide range of projects.",https://jobs.lever.co/blackbirdinteractive/f6424ce6-e459-4938-9186-9c3db4141e17,2026-04-16,No,No,,Unreal,No
Level Designer,Blackbird Interactive,"Vancouver, BC",Temporary Full-Time,Hybrid,"Blackbird Interactive is a creative-fueled, future-driven, independent game studio where the best talent in the industry can find long-term careers to help grow their abilities while working on a wide range of projects, which encompass world-class IPs as well as our own creati...",https://jobs.lever.co/blackbirdinteractive/4c29f0b7-dbb9-4ff5-92da-05e1b33e8a23,2026-03-20,No,No,,,No
Producer,Blackbird Interactive,"Vancouver, BC",Regular Full-Time,Hybrid,"Blackbird Interactive is a creative-fueled, future-driven, independent game studio where the best talent in the industry can find long-term careers to help grow their abilities while working on a wide range of projects, which encompass world-class IPs as well as our own creati...",https://jobs.lever.co/blackbirdinteractive/7c686e02-dc80-4d78-9b05-b53f6457add2,2026-04-17,No,No,,,No
Quest Designer (12-month Contract),Blackbird Interactive,"Vancouver, BC",Temporary Full-Time,Hybrid,"Blackbird Interactive is a creative-fueled, future-driven, independent game studio where the best talent in the industry can find long-term careers to help grow their abilities while working on a wide range of projects, which encompass world-class IPs as well as our own creati...",https://jobs.lever.co/blackbirdinteractive/58b8920e-18cf-4041-a40a-71e4e1da3408,2026-02-04,No,No,,,No
Senior / Intermediate Software Engineer (Unreal Engine 5 Rendering),Blackbird Interactive,"Vancouver, BC",Regular Full-Time,Hybrid,"Blackbird Interactive is a creative-fueled, future-driven, independent game studio where the best talent in the industry can find long-term careers to help grow their abilities while working on a wide range of projects, which encompass world-class IPs as well as our own creati...",https://jobs.lever.co/blackbirdinteractive/5d242f27-c3ce-4d58-80f1-9f7ad9ef6c43,2026-01-14,No,No,,Unreal,No
"Senior Game Designer (3Cs: Camera, Controls, Character) - 9 Month Contract",Blackbird Interactive,"Vancouver, BC",Temporary Full-Time,Hybrid,"Blackbird Interactive is a creative-fueled, future-driven, independent game studio where the best talent in the industry can find long-term careers to help grow their abilities while working on a wide range of projects, which encompass world-class IPs as well as our own creati...",https://jobs.lever.co/blackbirdinteractive/9ebea183-4e4a-4ecd-a6d4-9446634d6f6c,2026-04-16,No,No,,,No
Senior Gameplay Software Engineer (Unreal Engine 4),Blackbird Interactive,"Vancouver, BC",Regular Full-Time,Hybrid,"Blackbird Interactive is a creative-fueled, future-driven, independent game studio where the best talent in the industry can find long-term careers to help grow their abilities while working on a wide range of projects, which encompass world-class IPs as well as our own creati...",https://jobs.lever.co/blackbirdinteractive/4d84ad6b-46c8-46c9-925c-f9fed1233290,2026-03-04,No,No,,Unreal,No
Senior Gameplay Software Engineer (Unreal Engine 5),Blackbird Interactive,"Vancouver, BC",Regular Full-Time,On-site,"Senior Gameplay Software Engineer (Unreal Engine 5)
Location: Vancouver, BC, Canada (Remote within Canada OK)Team: Programming – Gameplay
Blackbird Interactive is a creative-fueled, future-driven, independent game studio where the best talent in the industry can find long-term...",https://jobs.lever.co/blackbirdinteractive/b2c99306-eca6-468a-b13e-d4fdb8e06f19,2026-03-18,No,No,,Unreal,No
Senior Level Designer,Blackbird Interactive,"Vancouver, BC",Temporary Full-Time,Hybrid,"Blackbird Interactive is a creative-fueled, future-driven, independent game studio where the best talent in the industry can find long-term careers to help grow their abilities while working on a wide range of projects, which encompass world-class IPs as well as our own creati...",https://jobs.lever.co/blackbirdinteractive/806df0f1-af4a-478c-a96b-2a86d42fa7f2,2026-03-30,No,No,,,No
Senior Technical Director,Blackbird Interactive,"Vancouver, BC",Regular Full-Time,Hybrid,"Blackbird Interactive is a creative-fueled, future-driven, independent game studio where the best talent in the industry can find long-term careers to help grow their abilities while working on a wide range of projects, which encompass world-class IPs as well as our own creati...",https://jobs.lever.co/blackbirdinteractive/701e6e3e-843a-4011-9f9e-4e7164fcbbda,2026-04-14,No,No,,,No
Systems Administrator,Blackbird Interactive,"Vancouver, BC",Regular Full-Time,On-site,"Blackbird Interactive is a creative-fueled, future-driven, independent game studio where the best talent in the industry can find long-term careers to help grow their abilities while working on a wide range of projects.",https://jobs.lever.co/blackbirdinteractive/09f26de9-9656-46d5-9549-df8c9ce1d2dc,2026-02-18,No,No,,,No
Technical UI/UX Designer (10-month Contract),Blackbird Interactive,"Vancouver, BC",Temporary Full-Time,Hybrid,"Blackbird Interactive is a creative-fueled, future-driven, independent game studio where the best talent in the industry can find long-term careers to help grow their abilities while working on a wide range of projects, which encompass world-class IPs as well as our own creati...",https://jobs.lever.co/blackbirdinteractive/034be443-e4fb-4c6b-8dae-b4a4d4c26d37,2026-02-10,No,No,,,No
UI Artist (9-month Contract),Blackbird Interactive,"Vancouver, BC",Temporary Full-Time,On-site,"Blackbird Interactive is a creative-fueled, future-driven, independent game studio where the best talent in the industry can find long-term careers to help grow their abilities while working on a wide range of projects.",https://jobs.lever.co/blackbirdinteractive/8369b125-0659-43d6-89d2-075cc046fd67,2026-03-02,No,No,,,No
VFX Artist (9-month contract),Blackbird Interactive,"Vancouver, BC",Temporary Full-Time,On-site,,https://jobs.lever.co/blackbirdinteractive/f5f111fd-c819-483f-b5dc-58670bc02f9e,2026-04-15,No,No,,,No
